"N2C374IRX7HEX2YEQWJBTRSVRHRUV4ZSF76S54WV4COTHRUNYRCI47R3WU",
"MTCEM5YJJSYGW2RCXYXGE4SXLSPUUEJKQAWG2GUX6CNN72KQ3XPJCM6NOI",
"NE5EGI4JA5EFJV3AVD4OPYNBJYN66ZKOWKOXADZKZMZ3DFGQGY3VEKHMFU",
"FB3ILSDVDSECHNC25SZCOCQVKVQC27MF54S42KQ2H7THP7MU2WEBNDJYJY",
"HEOQ3S6V47RFLU2RZ5GTQYJBEFRL54UWZ77PNUBNTDVSXIPYOPE2XZJSLE",
"J63NZUR3S4LJC2RPBSOXGQ75DUVQEBTIFUWL2R7FCQES24HFLQAFB6WDAY",
"5P4IEQSZBRAQHE4WQIIMYQGSVD4N6ZWM7TEJ3QXXMZIL4BR3MV6BFQYTUQ",
"ZDEFFZZ4NAWFP525TOGNWICWOXKOF74DFMYCE6BMMZIZVX5NNPYKN4SRRA",
"2R5FTTVDIAQ55I5SPW5BE6R2SVYY45O5W64XGIVBLHQYWMZARRXTO4VIHQ",
"LYKPESAJWNRAV7XADUHBKLADBK47HWKIM4W3K7ICKXXEURMP2AJLYLFDF4",
"JJT4QS7NTMCKVSLJUZ6BQLV44MLQ4F5OWFJP26CN3BYTPORMMRO5AB6QCA",
"53B5Q2CMPW2HZDZYKXECOMQGZDWNIT4W75B3D5XAT3ABPDCMCQT6RVHJGI",
"WZY5ZGJ57YOVJ2TCMFXIH6TNLDC2FI2UJSWGG4XN5RK4XVQX4MMOIZD2AU",
"BX7UST4VVWQQPPAVPMPFW76QRKXRLQ3UVYABWBTHOAX2AN5Q5OGW2X55AQ",
"KQ6FVR6PTHMV7QV47LBSR3LVM3EWSNHJPTWQ7GUEFLI2NGKC3RAULQ27K4",
"DLRY7TLD3KXB4G6IAIW5KGUZEVIDBS2OZ3LR7RFSJD2KEUDKWFXEBPK3HU",
"WD5EDLJCLRWFIBEUCT43J6QM3LGVNSYXUSMWGUKKUMJBZ65IKQWIAV2LIY",
"UI6AGNWYGQD6HNQVEZ5ZTAQR27FHZ45VMLTS7LTSF2IZGAJMOIF4V4EEVU",
"IVBHJFHZWPXRX2EA7AH7Y4UTTBO2AK73XI65OIXDEAEN7VO2IHWXKOKOVM",
"T6MXHXMGXURKJ7AD5NCB4IYPLWXYXKKFLLO5KAPJ56GKS7BFXHNHOODZCM",
"FFLRE4VZK35KAU65VLBRMR4KZVHE4S2TEXJJ6K4POZJZXUND3V2V6DVJNU",
"5GW5VO4JNTHXVH2DYV7HAKBKGQFSCAI4MBUD5EN3FLBGLF4KKRXJE24ASI",
"3SORALOCWWTHAAGEZIOB5MIV2G3KAWUN2LQI4ZBWPLEDZANPIVTHFHDGZ4",
"ZVMOZVZJK64NEYDPUDGGC52NI6HOX2LUQVIWYCQTJ2DFXRGPL72C2BQYNM",
"2ZPNLKXWCOUJ2ONYWZEIWOUYRXL36VCIBGJ4ZJ2AAGET5SIRTHKSNFDJJ4",
"GH27QMBSQZF3O6J7SGXQRQMUQD264HNXZ7R6OXDPIOR5XOOE22UBWUXZI4",
"LRDSA35VTQL3ORSNBCM7TPGMYZKWK3OTRWSKD6NSXOKAOIPHQXJFEKNS2Q",
"EU6CHYSH7ZXLJQAPPIN6W3KS7VAURYZCB5P3ZCXMYCWNJF6V5RTVL2UPHU",
"4H5UNRBJ2Q6JENAXQ6HNTGKLKINP4J4VTQBEPK5F3I6RDICMZBPGNH6KD4",
"TBN2J7U3J5D4I7R2EK7XIBFNTEGVLHNORAXQ6YBJY5IVNY5IIKOXSJRYCE",
"L5BLJ4FNK6FNM7V5NUVT5QI6NQAERLLHYT24XH6RS2DUC4WDHPM5LOLGBY",
"VEJGTLTKNT3VGLG2GVB2LMXC55WYW6J6WPZ76XTY2Y46TRJQOORWERYXYE",
"XBYLS2E6YI6XXL5BWCAMOA4GTWHXWENZMX5UHXMRNWWUQ7BXCY5WC5TEPA",
"2JGGWKOIKYZB4HLG2X5DWHD5EWCUOQR7DC6VOEMWELIVNVVAF3BEUWJR7Y",
"LHVWNRKGGOTSSDYK4P4WKXTHZI5SAFKUO5ALAW7NJ6G76RG4UXLBCWN5LQ",
"NRDDQ7MFRTUTMDAP4CBXDQ2IVP5VSLKDASADLLANYLFIKR7NQOGOUINYM4",
"62UUOSMOMD6XOSRROCIIMVVF2VX6N4CMVLCUFUVWV4Q4T4BHD7ETFNWMOI",
"O4N25TS4Z5SC34VZ6R6RU74PCEIUTJFSDSKETNDYU4CXI3C2BFYXCYEKAU",
"GJGK42UVZK4IDKN5MGP53A6FJEHRI52PI4E3BBJZRZCQZ666BKYILYXI2E",
"R3T4HFV3QXOHCZHRSQDJATCI2E7KHFA4BAWG5C6CGS3MGFNUFSI5FAYEN4",
"VZBMOTCMEHRITULBNLCWHA5U62UUXLQZMLVM6HPBPCMIM2YOMHDQRTK64E",
"OM2NLTOCWVDGX5XI6ETIQPW2CEILSEJFOC4NX5TJCTU6WMNC2KT2OUCT4M",
"VAOTJJLJP54QIKGCCFNJZVNHXXFZUZ3AAXCVGX5LRDQXQOUZRWBFBASUDQ",
"A3MYPLCU5ZVXDJEAXAVV2SAUWJ4INWGPYOKM3FWOGUASOJ7V2L6DTC5YN4",
"5EYP2467BNWUIE773T57P3VZ5RRMWUFCPSYOOUHVFP4AY5HSZ7MKECKTKI",
"5WCIZNGQQT747WX3RTQIBJHOMJTQRUQBBH3PMK4YLP2X33AICJEUTL6F2E",
"R7ALVPEQRGECJK33LANXMPENWYALTAZQTSGNCTEQPKBSBDI5KO252SAK64",
"P73D4BTS5B55FBV5Q4K2JZNTJOOMACZY4TFYKLCHPCOGLUPGDBXDBVSS7E",
"YX5KZSZT27L7WZAW7TNONVDZHQQAURJKT4BPRS364KTH2DGMEKLLFOPK3U",
"IHYR5OZGAIRSCDCNQJVFOPAOJT2SPG3YXAE3GGJPZRI6JV2GQSJAYG5NUY",
"OFB2SMWDDB3V4RYRSC6EXJYB2RYFVPWGYYEGAOLK52TN72G2DELKVENV44",
"A66JRYUOU523Z4MU53AJL3YAEHESH3KMVV7OJI4SMFRVIDNNVDK2LHSL4Y",
"7LXGH4WPEXJ3HOPON5BDHJSJ7NWPBAELDOWLINCMMW2GOQWOSSNP76D4ZA",
"MKZIWVBDBZV7UK6XQY3DFLYSBLSJWCDHDJWK3JAHWCFMNJOH4ZXQSMOUCE",
"2JBQSMWAZANNM5U2P2DPCBVJ7VYLRT7LA2AOP7JGUF4HIBV6XBA3TBGXGA",
"E4VMOYKWJCTKYVY447ALPOZMORITQYQVZVSYJ4ABLCCAAX4ZE6RNFDXZPI",
"HRLD25IMT2Q4UPYOEUZIWHDI3ELCUIC5NLNC75O2NE7OLDJK7GZXDIK5QQ",
"EG6JXQ3TQBWRSTR3OEDUS5RTPLMA4KTMJIV3N6DO7XN2XRKIFEN64DY3BU",
"WDWBXGJIXO3N6A7AZ25XU4UX5Q3FJJ5CCKFCUEUWE75ZF5I6H47X37EY6M",
"ASHPGJPHCZMSVBBUVFOVTSIYFKCR26STPOVPU4GWACKTZT35ZQYBSE775U",
"W425PRGCPQFAKWSN7D2QKGKBHUWEVV4Z5PWLKUTIGYULGEU5ZDXOAKETC4",
"5I7NE6QCQYZUUKKMZ2HLB2AWO7NDUXNKVFACAF46NEP3TA6ZHAYOHIEVMU",
"7GPQ36Y43EF77SDEMPMGCFIWBT3CRP3U6VMT7SK42X42ZUOXVS7TD3KXAA",
"WW5MEAVIVE3X4N6ZED4CEXUKAAEBACMS2HSGG7GIOXKHWCWKCAGAWDSGL4",
"KHGLFYRM52BT6R5CSREB7BNUOSR3FUEHCWLIXKWM44SD2RZMSXDPZS77U4",
"HMKN4BCGCDUFWIPOIKDBUTC6RXFKOKOB6TWO25ETRHTKJFTJZPD6Y3BOLQ",
"OTW6HXVSWXDRBV2F7RK5YHYBERVYUYQ4KSVRW5K4ECBONAJBSFHHDSP764",
"SXNDBVZXTLF6JJVER3VZV5XMGV6SGDNANHATZZIKHWVF5RV2JVPQ7NB56E",
"7ZUHI3E5Z7V5XJTQISK76KXG4O7KJY66VD7LFIX2EZ5Z5VOVZBONZDAVWM",
"QYXDGS2XJJT7QNR6EJ2YHNZFONU6ROFM6BKTBNVT63ZXQ5OC6IYSPNDJ4U",
"XMVGCC27ZCGWKOQYZDE5WESGYS4V7CRTQVIAZETJNNV7U3QTHJ6CUZ62PQ",
"C4PZ7RSTYDAAEJE3PIMJW3BRYKNY6OHYZVZO6OLXPZKBMXVWDB4PBECTZI",
"OMHYS6DGAS2GQIMALPYPSMNDQ2735J7Z76RQFH7KP2MIPDHXOZYVV3TVO4",
"V6F7XZUE6G4ODLE47CY32PLDLEC6LELBE7JWQX6RMBJBPFMZ5UOM3WXMWM",
"EIATQQ3TAKBR67FOEMPPSOA2ZYXO5FNXQQDUPRFFISS2Y6AO5HMJBFNRXE",
"JHCVUBWAJHEMNPBZDNYVXK6DNRFUJWNLWXDDLLBOLIL3KFCQAOI3XVMWOA",
"PZ7TILKNWVGJTAWF7YSBYDHT44SN6NQJXHI55ODGJXGXHGB64BH6MBDGFY",
"UTFJWM5YP6TSR66YHRYBNDZLCYTTSMLDBKKFTEE723HT7GJBGNCWD6UDC4",
"SJYNEQ36GVJBQ3YRZTVQGMFQDHRZKK3SGXF224WKNP7S3NAU563RNPUMWA",
"UPBR75UVEX4UVBKLLXDEVF5OI6SN426G7IEEZFM2QYMXQHPHTX5FZUT2MA",
"DEK6IBQKSX5JPKUSIDCLRUEXTAJLSEM5EFZWXDDYYVPKBH3JOS4NPT477U",
"FRWQZO4A6NZKANEYYWAHZIBHJ46T2LVRFACCLHUY3JQAJLUIWNQQLOQ26A",
"ASDNGCOKPWDF3IFVNGVYTRC4EBU4RGFBIX4PVFMBVUM3T4WIKID5GABY3Y",
"UFEO4JIEEJD73NJM6FPRD57USABORDHLDBJPBNIZBHB3TJTA6CBNSAPI4E",
"A6B5AKODYAMHTQ7B4PJAMOLDLZFMAB4QOXJJP6I3FC7YIPOPD6PL7ZYRCA",
"O4WKNVA25QYYMN3NW534CWE65PPIMU56TNB5ZJIKGOQHBXEFU6QACUJWOQ",
"P2W7L5OERZ53KV4LJOCV3HR75ZPA6BDLHCAL27IQSIE2WDFGRFEGL524VA",
"PRNU5BPKXY5G322XPP7D7R7NH7MFFUUO44522T3P5OT64DB56JJ5ZQJ4LA",
"I63NBAY2FYICKXSF7XFJRUV3CQDB756EDQ245D47Z34LTEFP7JYXS56QTM",
"3XQ3RJXTG2VDOV45ZKYIGEVXP2VF2HDZJX6I3NUCIJHXGHYEDA74LRSQ5U",
"LSAH7NBFXSUP2RSNS4UDA6KA3THYIS5CAWVE7IG4N45FAEGQOXYCXSL4TI",
"C2QRHHR3K7KSLNQV4BJCD6UVM5OJSSXTV2YQR6DOYVL3X7ZGC2BBZRFKEE",
"ALMEZURUOG7R2QKPZIPNQAFANRQEZU4J22ZJYW6HARU4IZCZGEHNTZMO6U",
"B2465RWQTTRXELPWRZENQIQLBPDTQQZJGEQXLWQHQTBHUMSD2RKA7CAWEM",
"B23XLXSA3MBU3SLP5EF2HE7JRR2UMFNKZBIDRWQPGLGCNDNCABWHMDXPMQ",
"K4F7HD3ZEQZ7SG5XDSXJSC6HVXXCQQQK6E47MRA5ZUJ2I7Y54G4LUZKMUY",
"ILZP3VLXPZOMULC5XMR5UUL5LMBGXX6TT6IURYFZ7Q6KX54INCUISZH2JQ",
"22LRYAZSTGCB7DXQUKOWA3JG4ZP2DZJ3H6R5ZCVE5XBIXLK2VPST5CY2J4",
"3NGBML54PC7AJATJGW5BXMF6ZOFO2V4VTKKRTS3EAZXTVVHSPXTNV2GKEA",
"XUPBGF6OXIRVIGU2VHHYJFI4JEHLLIPNLMWNCSUZ7F44KYFRPV52ULIYNI"